date,close,volume,open,high,low
5/9/19,1162.38,1185973,1166.27,1169.66,1150.85
5/8/19,1166.27,1309514,1174.1,1180.424,1165.74
5/7/19,1174.1,1551368,1189.39,1190.44,1161.04
5/6/19,1189.39,1563943,1185.4,1190.85,1166.26
5/3/19,1185.4,1980653,1162.61,1186.8,1169
5/2/19,1162.61,1944817,1168.08,1174.19,1155.002
5/1/19,1168.08,2642983,1188.48,1188.05,1167.18
4/30/19,1188.48,6194691,1185,1192.81,1175
4/29/19,1287.58,2412788,1274,1289.27,1266.2949
4/26/19,1272.18,1228276,1269,1273.07,1260.32
4/25/19,1263.45,1099614,1264.77,1267.4083,1252.03
4/24/19,1256,1015006,1264.12,1268.01,1255
4/23/19,1264.55,1271195,1250.69,1269,1246.38
4/22/19,1248.84,806577,1235.99,1249.09,1228.31
4/18/19,1236.37,1315676,1239.18,1242,1234.61
4/17/19,1236.34,1211866,1233,1240.56,1227.82
4/16/19,1227.13,855258,1225,1230.82,1220.12
4/15/19,1221.1,1187353,1218,1224.2,1209.1101
4/12/19,1217.87,926799,1210,1218.35,1208.11
4/11/19,1204.62,709417,1203.96,1207.96,1200.13
4/10/19,1202.16,724524,1200.68,1203.785,1196.435
4/9/19,1197.25,865416,1196,1202.29,1193.08
4/8/19,1203.84,859969,1207.89,1208.69,1199.86
4/5/19,1207.15,900950,1214.99,1216.22,1205.03
4/4/19,1215,949962,1205.94,1215.67,1204.13
4/3/19,1205.92,1014195,1207.48,1216.3,1200.5
4/2/19,1200.49,800820,1195.32,1201.35,1185.71
4/1/19,1194.43,1188235,1184.1,1196.66,1182
3/29/19,1173.31,1269573,1174.9,1178.99,1162.88
3/28/19,1168.49,966843,1171.54,1171.565,1159.4312
3/27/19,1173.02,1362217,1185.5,1187.559,1159.37
3/26/19,1184.62,1894639,1198.53,1202.83,1176.72
3/25/19,1193,1493841,1196.93,1206.3975,1187.04
3/22/19,1205.5,1668910,1226.32,1230,1202.825
3/21/19,1231.54,1195899,1216,1231.79,1213.15
3/20/19,1223.97,2089367,1197.35,1227.14,1196.17
3/19/19,1198.85,1404863,1188.81,1200,1185.87
3/18/19,1184.26,1212506,1183.3,1190,1177.4211
3/15/19,1184.46,2457597,1193.38,1196.57,1182.61
3/14/19,1185.55,1150950,1194.51,1197.88,1184.48
3/13/19,1193.32,1434816,1200.645,1200.93,1191.94
3/12/19,1193.2,2012306,1178.26,1200,1178.26
3/11/19,1175.76,1569332,1144.45,1176.19,1144.45
3/8/19,1142.32,1212271,1126.73,1147.08,1123.3
3/7/19,1143.3,1166076,1155.72,1156.755,1134.91
3/6/19,1157.86,1094100,1162.49,1167.5658,1155.49
3/5/19,1162.03,1422357,1150.06,1169.61,1146.195
3/4/19,1147.8,1444774,1146.99,1158.2804,1130.69
3/1/19,1140.99,1447454,1124.9,1142.97,1124.75
2/28/19,1119.92,1541068,1111.3,1127.65,1111.01
2/27/19,1116.05,968362,1106.95,1117.98,1101
2/26/19,1115.13,1469761,1105.75,1119.51,1099.92
2/25/19,1109.4,1395281,1116,1118.54,1107.27
2/22/19,1110.37,1048361,1100.9,1111.24,1095.6
2/21/19,1096.97,1414744,1110.84,1111.94,1092.52
2/20/19,1113.8,1080144,1119.99,1123.41,1105.28
2/19/19,1118.56,1046315,1110,1121.89,1110
2/15/19,1113.65,1442461,1130.08,1131.67,1110.65
2/14/19,1121.67,941678,1118.05,1128.23,1110.445
2/13/19,1120.16,1048630,1124.99,1134.73,1118.5
2/12/19,1121.37,1608658,1106.8,1125.295,1105.85
2/11/19,1095.01,1063825,1096.95,1105.945,1092.86
2/8/19,1095.06,1072031,1087,1098.91,1086.55
2/7/19,1098.71,2040615,1104.16,1104.84,1086
2/6/19,1115.23,2101674,1139.57,1147,1112.77
2/5/19,1145.99,3529974,1124.84,1146.85,1117.248
2/4/19,1132.8,2518184,1112.66,1132.8,1109.02
2/1/19,1110.75,1455609,1112.4,1125,1104.89
1/31/19,1116.37,1531463,1103,1117.33,1095.41
1/30/19,1089.06,1241760,1068.43,1091,1066.85
1/29/19,1060.62,1006731,1072.68,1075.15,1055.8647
1/28/19,1070.08,1277745,1080.11,1083,1063.8
1/25/19,1090.99,1114785,1085,1094,1081.82
1/24/19,1073.9,1317718,1076.48,1079.475,1060.7
1/23/19,1075.57,956526,1077.35,1084.93,1059.75
1/22/19,1070.52,1607398,1088,1091.51,1063.47
1/18/19,1098.26,1933754,1100,1108.352,1090.9
1/17/19,1089.9,1223674,1079.47,1091.8,1073.5
1/16/19,1080.97,1320530,1080,1092.375,1079.34
1/15/19,1077.15,1452238,1050.17,1080.05,1047.34
1/14/19,1044.69,1127417,1046.92,1051.53,1041.255
1/11/19,1057.19,1512651,1063.18,1063.775,1048.48
1/10/19,1070.33,1444976,1067.66,1071.15,1057.71
1/9/19,1074.66,1198369,1081.65,1082.63,1066.4
1/8/19,1076.28,1748371,1076.11,1084.56,1060.53
1/7/19,1068.39,1978077,1071.5,1073.9999,1054.76
1/4/19,1070.71,2080144,1032.59,1070.84,1027.4179
1/3/19,1016.06,1829379,1041,1056.98,1014.07
1/2/19,1045.85,1516681,1016.57,1052.32,1015.71
12/31/18,1035.61,1492541,1050.96,1052.7,1023.59
12/28/18,1037.08,1399218,1049.62,1055.56,1033.1
12/27/18,1043.88,2102069,1017.15,1043.89,997
12/26/18,1039.46,2337212,989.01,1040,983
12/24/18,976.22,1590328,973.9,1003.54,970.11
12/21/18,979.54,4560424,1015.3,1024.02,973.69
12/20/18,1009.41,2659047,1018.13,1034.22,996.36
12/19/18,1023.01,2419322,1033.99,1062,1008.05
12/18/18,1028.71,2101854,1026.09,1049.48,1021.44
12/17/18,1016.53,2337631,1037.51,1053.15,1007.9
12/14/18,1042.1,1685802,1049.98,1062.6,1040.79
12/13/18,1061.9,1329198,1068.07,1079.7597,1053.93
12/12/18,1063.68,1523276,1068,1081.65,1062.79
12/11/18,1051.75,1354751,1056.49,1060.6,1039.84
12/10/18,1039.55,1793465,1035.05,1048.45,1023.29
12/7/18,1036.58,2098526,1060.01,1075.26,1028.5
12/6/18,1068.73,2758098,1034.26,1071.2,1030.7701
12/4/18,1050.82,2278200,1103.12,1104.42,1049.98
12/3/18,1106.43,1900355,1123.14,1124.65,1103.6645
11/30/18,1094.43,2554416,1089.07,1095.57,1077.88
11/29/18,1088.3,1403540,1076.08,1094.245,1076
11/28/18,1086.23,2399374,1048.76,1086.84,1035.76
11/27/18,1044.41,1801334,1041,1057.58,1038.49
11/26/18,1048.62,1846430,1038.35,1049.31,1033.91
11/23/18,1023.88,691462,1030,1037.59,1022.3992
11/21/18,1037.61,1531676,1036.76,1048.56,1033.47
11/20/18,1025.76,2447254,1000,1031.74,996.02
11/19/18,1020,1837207,1057.2,1060.79,1016.2601
11/16/18,1061.49,1641232,1059.41,1067,1048.98
11/15/18,1064.71,1819132,1044.71,1071.85,1031.78
11/14/18,1043.66,1561656,1050,1054.5643,1031
11/13/18,1036.05,1496534,1043.29,1056.605,1031.15
11/12/18,1038.63,1429319,1061.39,1062.12,1031
11/9/18,1066.15,1343154,1073.99,1075.56,1053.11
11/8/18,1082.4,1463022,1091.38,1093.27,1072.2048
11/7/18,1093.39,2057155,1069,1095.46,1065.9
11/6/18,1055.81,1225197,1039.48,1064.345,1038.07
11/5/18,1040.09,2436742,1055,1058.47,1021.24
11/2/18,1057.79,1829295,1073.73,1082.975,1054.61
11/1/18,1070,1456222,1075.8,1083.975,1062.46
10/31/18,1076.77,2528584,1059.81,1091.94,1057
10/30/18,1036.21,3209126,1008.46,1037.49,1000.75
10/29/18,1020.08,3873644,1082.47,1097.04,995.83
10/26/18,1071.47,4185201,1037.03,1106.53,1034.09
10/25/18,1095.57,2511884,1071.79,1110.98,1069.55
10/24/18,1050.71,1910060,1104.25,1106.12,1048.74
10/23/18,1103.69,1847798,1080.89,1107.89,1070
10/22/18,1101.16,1494285,1103.06,1112.23,1091
10/19/18,1096.46,1264605,1093.37,1110.36,1087.75
10/18/18,1087.97,2056606,1121.84,1121.84,1077.09
10/17/18,1115.69,1397613,1126.46,1128.99,1102.19
10/16/18,1121.28,1845491,1104.59,1124.22,1102.5
10/15/18,1092.25,1343231,1108.91,1113.4464,1089
10/12/18,1110.08,2029872,1108,1115,1086.402
10/11/18,1079.32,2939514,1072.94,1106.4,1068.27
10/10/18,1081.22,2574985,1131.08,1132.17,1081.13
10/9/18,1138.82,1308706,1146.15,1154.35,1137.572
10/8/18,1148.97,1877142,1150.11,1168,1127.3636
10/5/18,1157.35,1184245,1167.5,1173.4999,1145.12
10/4/18,1168.19,2151762,1195.33,1197.51,1155.576
10/3/18,1202.95,1207280,1205,1206.41,1193.83
10/2/18,1200.11,1655602,1190.96,1209.96,1186.63
10/1/18,1195.31,1345250,1199.89,1209.9,1190.3
9/28/18,1193.47,1306822,1191.87,1195.41,1184.5
9/27/18,1194.64,1244278,1186.73,1202.1,1183.63
9/26/18,1180.49,1346434,1185.15,1194.23,1174.765
9/25/18,1184.65,937577,1176.15,1186.88,1168
9/24/18,1173.37,1218532,1157.17,1178,1146.91
9/21/18,1166.09,4363929,1192,1192.21,1166.04
9/20/18,1186.87,1209855,1179.99,1189.89,1173.36
9/19/18,1171.09,1185321,1164.98,1173.21,1154.58
9/18/18,1161.22,1184407,1157.09,1176.08,1157.09
9/17/18,1156.05,1279147,1170.14,1177.24,1154.03
9/14/18,1172.53,934300,1179.1,1180.425,1168.3295
9/13/18,1175.33,1402005,1170.74,1178.61,1162.85
9/12/18,1162.82,1291304,1172.72,1178.61,1158.36
9/11/18,1177.36,1209171,1161.63,1178.68,1156.24
9/10/18,1164.64,1115259,1172.19,1174.54,1160.11
9/7/18,1164.83,1401034,1158.67,1175.26,1157.215
9/6/18,1171.44,1886690,1186.3,1186.3,1152
9/5/18,1186.48,2043732,1193.8,1199.0096,1162
9/4/18,1197,1800509,1204.27,1212.99,1192.5
8/31/18,1218.19,1812366,1234.98,1238.66,1211.2854
8/30/18,1239.12,1320261,1244.23,1253.635,1232.59
8/29/18,1249.3,1295939,1237.45,1250.66,1236.3588
8/28/18,1231.15,1296532,1241.29,1242.545,1228.69
8/27/18,1241.82,1154962,1227.6,1243.09,1225.716
8/24/18,1220.65,946529,1208.82,1221.65,1206.3588
8/23/18,1205.38,988509,1207.14,1221.28,1204.24
8/22/18,1207.33,881463,1200,1211.84,1199
8/21/18,1201.62,1187884,1208,1217.26,1200.3537
8/20/18,1207.77,864462,1205.02,1211,1194.6264
8/17/18,1200.96,1381724,1202.03,1209.02,1188.24
8/16/18,1206.49,1319985,1224.73,1225.9999,1202.55
8/15/18,1214.38,1815642,1229.26,1235.24,1209.51
8/14/18,1242.1,1342534,1235.19,1245.8695,1225.11
8/13/18,1235.01,957153,1236.98,1249.2728,1233.6405
8/10/18,1237.61,1107323,1243,1245.695,1232
8/9/18,1249.1,805227,1249.9,1255.542,1246.01
8/8/18,1245.61,1369650,1240.47,1256.5,1238.0083
8/7/18,1242.22,1493073,1237,1251.17,1236.17
8/6/18,1224.77,1080923,1225,1226.0876,1215.7965
8/3/18,1223.71,1072524,1229.62,1230,1215.06
8/2/18,1226.15,1520488,1205.9,1229.88,1204.79
8/1/18,1220.01,1567142,1228,1233.47,1210.21
7/31/18,1217.26,1632823,1220.01,1227.5877,1205.6
7/30/18,1219.74,1822782,1228.01,1234.916,1211.47
7/27/18,1238.5,2115802,1271,1273.89,1231
7/26/18,1268.33,2334881,1251,1269.7707,1249.02
7/25/18,1263.7,2115890,1239.13,1265.86,1239.13
7/24/18,1248.08,3303268,1262.59,1266,1235.56
7/23/18,1205.5,2584034,1181.01,1206.49,1181
7/20/18,1184.91,1246898,1186.96,1196.86,1184.22
7/19/18,1186.96,1256113,1191,1200,1183.32
7/18/18,1195.88,1391232,1196.56,1204.5,1190.34
7/17/18,1198.8,1585091,1172.22,1203.04,1170.6
7/16/18,1183.86,1049560,1189.39,1191,1179.28
7/13/18,1188.82,1221687,1185,1195.4173,1180
7/12/18,1183.48,1251083,1159.89,1184.41,1155.935
7/11/18,1153.9,1094301,1144.59,1164.29,1141.0003
7/10/18,1152.84,789249,1156.98,1159.59,1149.59
7/9/18,1154.05,906073,1148.48,1154.67,1143.42
7/6/18,1140.17,966155,1123.58,1140.93,1120.7371
7/5/18,1124.27,1060752,1110.53,1127.5,1108.48
7/3/18,1102.89,679034,1135.82,1135.82,1100.02
7/2/18,1127.46,1188616,1099,1128,1093.8
6/29/18,1115.65,1275979,1120,1128.2265,1115
6/28/18,1114.22,1072438,1102.09,1122.31,1096.01
6/27/18,1103.98,1287698,1121.34,1131.8362,1103.62
6/26/18,1118.46,1559791,1128,1133.21,1116.6589
6/25/18,1124.81,2155276,1143.6,1143.91,1112.78
6/22/18,1155.48,1310164,1159.14,1162.4965,1147.26
6/21/18,1157.66,1232352,1174.85,1177.295,1152.232
6/20/18,1169.84,1648248,1175.31,1186.2856,1169.16
6/19/18,1168.06,1616125,1158.5,1171.27,1154.01
6/18/18,1173.46,1400641,1143.65,1174.31,1143.59
6/15/18,1152.26,2119134,1148.86,1153.42,1143.485
6/14/18,1152.12,1350085,1143.85,1155.47,1140.64
6/13/18,1134.79,1490017,1141.12,1146.5,1133.38
6/12/18,1139.32,899231,1131.07,1139.79,1130.735
6/11/18,1129.99,1071114,1118.6,1137.26,1118.6
6/8/18,1120.87,1289859,1118.18,1126.67,1112.15
6/7/18,1123.86,1519860,1131.32,1135.82,1116.52
6/6/18,1136.88,1697489,1142.17,1143,1125.7429
6/5/18,1139.66,1538169,1140.99,1145.738,1133.19
6/4/18,1139.29,1881046,1122.33,1141.89,1122.005
6/1/18,1119.5,2416755,1099.35,1120,1098.5
5/31/18,1084.99,3085325,1067.56,1097.19,1067.56
5/30/18,1067.8,1129958,1063.03,1069.21,1056.83
5/29/18,1060.32,1858676,1064.89,1073.37,1055.22
5/25/18,1075.66,878903,1079.02,1082.56,1073.775
5/24/18,1079.24,757752,1079,1080.47,1066.15
5/23/18,1079.69,1057712,1065.13,1080.78,1061.71
5/22/18,1069.73,1088700,1083.56,1086.59,1066.69
5/21/18,1079.58,1012258,1074.06,1088,1073.65
5/18/18,1066.36,1496448,1061.86,1069.94,1060.68
5/17/18,1078.59,1031190,1079.89,1086.87,1073.5
5/16/18,1081.77,989819,1077.31,1089.27,1076.26
5/15/18,1079.23,1494306,1090,1090.05,1073.47
5/14/18,1100.2,1450140,1100,1110.75,1099.11
5/11/18,1098.26,1253205,1093.6,1101.3295,1090.91
5/10/18,1097.57,1441456,1086.03,1100.44,1085.64
5/9/18,1082.76,2032319,1058.1,1085.44,1056.365
5/8/18,1053.91,1217260,1058.54,1060.55,1047.145
5/7/18,1054.79,1464008,1049.23,1061.68,1047.1
5/4/18,1048.21,1936797,1016.9,1048.51,1016.9
5/3/18,1023.72,1813623,1019,1029.675,1006.29
5/2/18,1024.38,1534094,1028.1,1040.389,1022.87
5/1/18,1037.31,1427171,1013.66,1038.47,1008.21
4/30/18,1017.33,1664084,1030.01,1037,1016.85
4/27/18,1030.05,1617452,1046,1049.5,1025.59
4/26/18,1040.04,1984448,1029.51,1047.98,1018.19
4/25/18,1021.18,2225495,1025.52,1032.49,1015.31
4/24/18,1019.98,4750851,1052,1057,1010.59
4/23/18,1067.45,2278846,1077.86,1082.72,1060.7
4/20/18,1072.96,1887698,1082,1092.35,1069.57
4/19/18,1087.7,1741907,1069.4,1094.165,1068.18
4/18/18,1072.08,1336678,1077.43,1077.43,1066.225
4/17/18,1074.16,2311903,1051.37,1077.88,1048.26
4/16/18,1037.98,1194144,1037,1043.24,1026.74
4/13/18,1029.27,1175754,1040.88,1046.42,1022.98
4/12/18,1032.51,1357599,1025.04,1040.69,1021.4347
4/11/18,1019.97,1476133,1027.99,1031.3641,1015.87
4/10/18,1031.64,1983510,1026.44,1036.28,1011.34
4/9/18,1015.45,1738682,1016.8,1039.6,1014.08
4/6/18,1007.04,1740896,1020,1031.42,1003.03
4/5/18,1027.81,1345681,1041.33,1042.79,1020.1311
4/4/18,1025.14,2464418,993.41,1028.7175,993
4/3/18,1013.41,2271858,1013.91,1020.99,994.07
4/2/18,1006.47,2679214,1022.82,1034.8,990.37
3/29/18,1031.79,2714402,1011.63,1043,1002.9
3/28/18,1004.56,3345046,998,1024.23,980.64
3/27/18,1005.1,3081612,1063,1064.8393,996.92
3/26/18,1053.21,2593808,1046,1055.63,1008.4
3/23/18,1021.57,2147097,1047.03,1063.36,1021.22
3/22/18,1049.08,2584639,1081.88,1082.9,1045.91
3/21/18,1090.88,1878294,1092.74,1106.2999,1085.15
3/20/18,1097.71,1802209,1099,1105.2,1083.46
3/19/18,1099.82,2355186,1120.01,1121.99,1089.01
3/16/18,1135.73,2614871,1154.14,1155.88,1131.96
3/15/18,1149.58,1397767,1149.96,1161.08,1134.54
3/14/18,1149.49,1290638,1145.21,1158.59,1141.44
3/13/18,1138.17,1874176,1170,1176.76,1133.33
3/12/18,1164.5,2106548,1163.85,1177.05,1157.42
3/9/18,1160.04,2121425,1136,1160.8,1132.4606
3/8/18,1126,1393529,1115.32,1127.6,1112.8
3/7/18,1109.64,1277439,1089.19,1112.22,1085.4823
3/6/18,1095.06,1497087,1099.22,1101.85,1089.775
3/5/18,1090.93,1141932,1075.14,1097.1,1069.0001
3/2/18,1078.92,2271394,1053.08,1081.9986,1048.115
3/1/18,1069.52,2511872,1107.87,1110.12,1067.001
2/28/18,1104.73,1873737,1123.03,1127.53,1103.24
2/27/18,1118.29,1772866,1141.24,1144.04,1118
2/26/18,1143.75,1514920,1127.8,1143.96,1126.695
2/23/18,1126.79,1190432,1112.64,1127.28,1104.7135
2/22/18,1106.63,1309536,1116.19,1122.82,1102.59
2/21/18,1111.34,1507152,1106.47,1133.97,1106.33
2/20/18,1102.46,1389491,1090.57,1113.95,1088.52
2/16/18,1094.8,1680283,1088.41,1104.67,1088.3134
2/15/18,1089.52,1785552,1079.07,1091.4794,1064.34
2/14/18,1069.7,1547665,1048.95,1071.72,1046.75
2/13/18,1052.1,1213800,1045,1058.37,1044.0872
2/12/18,1051.94,2054002,1048,1061.5,1040.928
2/9/18,1037.78,3503970,1017.25,1043.97,992.56
2/8/18,1001.52,2809890,1055.41,1058.62,1000.66
2/7/18,1048.58,2353003,1081.54,1081.78,1048.26
2/6/18,1080.6,3432313,1027.18,1081.71,1023.1367
2/5/18,1055.8,3769453,1090.6,1110,1052.03
2/2/18,1111.9,4837979,1122,1123.07,1107.2779
2/1/18,1167.7,2380221,1162.61,1174,1157.52
1/31/18,1169.94,1523820,1170.57,1173,1159.13
1/30/18,1163.69,1541771,1167.83,1176.52,1163.52
1/29/18,1175.58,1337324,1176.48,1186.89,1171.98
1/26/18,1175.84,1981173,1175.08,1175.84,1158.11
1/25/18,1170.37,1461518,1172.53,1175.94,1162.76
1/24/18,1164.24,1382904,1177.33,1179.86,1161.05
1/23/18,1169.97,1309862,1159.85,1171.6266,1158.75
1/22/18,1155.81,1616120,1137.49,1159.88,1135.1101
1/19/18,1137.51,1390118,1131.83,1137.86,1128.3
1/18/18,1129.79,1194943,1131.41,1132.51,1117.5
1/17/18,1131.98,1200476,1126.22,1132.6,1117.01
1/16/18,1121.76,1566662,1132.51,1139.91,1117.8316
1/12/18,1122.26,1718491,1102.41,1124.29,1101.15
1/11/18,1105.52,977727,1106.3,1106.525,1099.59
1/10/18,1102.61,1042273,1097.1,1104.6,1096.11
1/9/18,1106.26,900089,1109.4,1110.57,1101.2307
1/8/18,1106.94,1046767,1102.23,1111.27,1101.62
1/5/18,1102.23,1279990,1094,1104.25,1092
1/4/18,1086.4,1002945,1088,1093.5699,1084.0017
1/3/18,1082.48,1429757,1064.31,1086.29,1063.21
1/2/18,1065,1236401,1048.34,1066.94,1045.23
12/29/17,1046.4,886845,1046.72,1049.7,1044.9
12/28/17,1048.14,833011,1051.6,1054.75,1044.77
12/27/17,1049.37,1271780,1057.39,1058.37,1048.05
12/26/17,1056.74,761097,1058.07,1060.12,1050.2
12/22/17,1060.12,755089,1061.11,1064.2,1059.44
12/21/17,1063.63,986548,1064.95,1069.33,1061.7938
12/20/17,1064.95,1268285,1071.78,1073.38,1061.52
12/19/17,1070.68,1307894,1075.2,1076.84,1063.55
12/18/17,1077.14,1552016,1066.08,1078.49,1062
12/15/17,1064.19,3275091,1054.61,1067.62,1049.5
12/14/17,1049.15,1558684,1045,1058.5,1043.11
12/13/17,1040.61,1220364,1046.12,1046.665,1038.38
12/12/17,1040.48,1279511,1039.63,1050.31,1033.6897
12/11/17,1041.1,1190527,1035.5,1043.8,1032.0504
12/8/17,1037.05,1288419,1037.49,1042.05,1032.5222
12/7/17,1030.93,1458145,1020.43,1034.24,1018.071
12/6/17,1018.38,1258496,1001.5,1024.97,1001.14
12/5/17,1005.15,2066247,995.94,1020.61,988.28
12/4/17,998.68,1906058,1012.66,1016.1,995.57
12/1/17,1010.17,1908962,1015.8,1022.4897,1002.02
11/30/17,1021.41,1723003,1022.37,1028.4899,1015
11/29/17,1021.66,2442974,1042.68,1044.08,1015.65
11/28/17,1047.41,1421027,1055.09,1062.375,1040
11/27/17,1054.21,1307471,1040,1055.46,1038.44
11/24/17,1040.61,536996,1035.87,1043.178,1035
11/22/17,1035.96,746351,1035,1039.706,1031.43
11/21/17,1034.49,1096161,1023.31,1035.11,1022.655
11/20/17,1018.38,898389,1020.26,1022.61,1017.5
11/17/17,1019.09,1366936,1034.01,1034.42,1017.75
11/16/17,1032.5,1129424,1022.52,1035.92,1022.52
11/15/17,1020.91,847932,1019.21,1024.09,1015.42
11/14/17,1026,958708,1022.59,1026.81,1014.15
11/13/17,1025.75,885565,1023.42,1031.58,1022.57
11/10/17,1028.07,720674,1026.46,1030.76,1025.28
11/9/17,1031.26,1244701,1033.99,1033.99,1019.6656
11/8/17,1039.85,1088395,1030.52,1043.522,1028.45
11/7/17,1033.33,1112123,1027.27,1033.97,1025.13
11/6/17,1025.9,1124757,1028.99,1034.87,1025
11/3/17,1032.48,1075134,1022.11,1032.65,1020.31
11/2/17,1025.58,1048584,1021.76,1028.09,1013.01
11/1/17,1025.5,1371619,1017.21,1029.67,1016.95
10/31/17,1016.64,1331265,1015.22,1024,1010.42
10/30/17,1017.11,2083490,1014,1024.97,1007.5
10/27/17,1019.27,5165922,1009.19,1048.39,1008.2
10/26/17,972.56,2027218,980,987.6,972.2
10/25/17,973.33,1210368,968.37,976.09,960.5201
10/24/17,970.54,1206074,970,972.23,961
10/23/17,968.45,1471544,989.52,989.52,966.12
10/20/17,988.2,1176177,989.44,991,984.58
10/19/17,984.45,1312706,986,988.88,978.39
10/18/17,992.81,1057285,991.77,996.72,986.9747
10/17/17,992.18,1290152,990.29,996.44,988.59
10/16/17,992,910246,992.1,993.9065,984
10/13/17,989.68,1169584,992,997.21,989
10/12/17,987.83,1278357,987.45,994.12,985
10/11/17,989.25,1692843,973.72,990.71,972.25
10/10/17,972.6,968113,980,981.57,966.0801
10/9/17,977,890620,980,985.425,976.11
10/6/17,978.89,1146207,966.7,979.46,963.36
10/5/17,969.96,1210427,955.49,970.91,955.18
10/4/17,951.68,951766,957,960.39,950.69
10/3/17,957.79,888303,954,958,949.14
10/2/17,953.27,1282850,959.98,962.54,947.84
9/29/17,959.11,1576365,952,959.7864,951.51
9/28/17,949.5,997036,941.36,950.69,940.55
9/27/17,944.49,2237538,927.74,949.9,927.74
9/26/17,924.86,1666749,923.72,930.82,921.14
9/25/17,920.97,1855742,925.45,926.4,909.7
9/22/17,928.53,1052170,927.75,934.73,926.48
9/21/17,932.45,1227059,933,936.53,923.83
9/20/17,931.58,1535626,922.98,933.88,922
9/19/17,921.81,912967,917.42,922.4199,912.55
9/18/17,915,1300759,920.01,922.08,910.6
9/15/17,920.29,2499466,924.66,926.49,916.36
9/14/17,925.11,1395497,931.25,932.77,924
9/13/17,935.09,1101145,930.66,937.25,929.86
9/12/17,932.07,1133638,932.59,933.48,923.861
9/11/17,929.08,1266020,934.25,938.38,926.92
9/8/17,926.5,997699,936.49,936.99,924.88
9/7/17,935.95,1211472,931.73,936.41,923.62
9/6/17,927.81,1526209,930.15,930.915,919.27
9/5/17,928.45,1346791,933.08,937,921.96
9/1/17,937.34,943657,941.13,942.48,935.15
8/31/17,939.33,1566888,931.76,941.98,931.76
8/30/17,929.57,1300616,920.05,930.819,919.65
8/29/17,921.29,1181391,905.1,923.33,905
8/28/17,913.81,1085014,916,919.245,911.87
8/25/17,915.89,1052764,923.49,925.555,915.5
8/24/17,921.28,1266191,928.66,930.84,915.5
8/23/17,927,1088575,921.93,929.93,919.36
8/22/17,924.69,1166320,912.72,925.86,911.4751
8/21/17,906.66,942328,910,913,903.4
8/18/17,910.67,1341990,910.31,915.275,907.1543
8/17/17,910.98,1241782,925.78,926.86,910.98
8/16/17,926.96,1005261,925.29,932.7,923.445
8/15/17,922.22,882479,924.23,926.5499,919.82
8/14/17,922.67,1063404,922.53,924.668,918.19
8/11/17,914.39,1205652,907.97,917.78,905.58
8/10/17,907.24,1755521,917.55,919.26,906.13
8/9/17,922.9,1191332,920.61,925.98,917.2501
8/8/17,926.79,1057351,927.09,935.814,925.6095
8/7/17,929.36,1031710,929.06,931.7,926.5
8/4/17,927.96,1081814,926.75,930.3068,923.03
8/3/17,923.65,1201519,930.34,932.24,922.24
8/2/17,930.39,1822272,928.61,932.6,916.68
8/1/17,930.83,1234612,932.38,937.447,929.26
7/31/17,930.5,1964748,941.89,943.59,926.04
7/28/17,941.53,1802343,929.4,943.83,927.5
7/27/17,934.09,3128819,951.78,951.78,920
7/26/17,947.8,2069349,954.68,955,942.2788
7/25/17,950.7,4656609,953.81,959.7,945.4
7/24/17,980.34,3205374,972.22,986.2,970.77
7/21/17,972.92,1697190,962.25,973.23,960.15
7/20/17,968.15,1620636,975,975.9,961.51
7/19/17,970.89,1221155,967.84,973.04,964.03
7/18/17,965.4,1152741,953,968.04,950.6
7/17/17,953.42,1164141,957,960.74,949.2407
7/14/17,955.99,1052855,952,956.91,948.005
7/13/17,947.16,1294674,946.29,954.45,943.01
7/12/17,943.83,1517168,938.68,946.3,934.47
7/11/17,930.09,1112417,929.54,931.43,922
7/10/17,928.8,1190237,921.77,930.38,919.59
7/7/17,918.59,1590456,908.85,921.54,908.85
7/6/17,906.69,1424290,904.12,914.9444,899.7
7/5/17,911.71,1813309,901.76,914.51,898.5
7/3/17,898.7,1710373,912.18,913.94,894.79
6/30/17,908.73,2086340,926.05,926.05,908.31
6/29/17,917.79,3287991,929.92,931.26,910.62
6/28/17,940.49,2719213,929,942.75,916
6/27/17,927.33,2566047,942.46,948.29,926.85
6/26/17,952.27,1596664,969.9,973.31,950.79
6/23/17,965.59,1527513,956.83,966,954.2
6/22/17,957.09,941639,958.7,960.72,954.55
6/21/17,959.45,1201971,953.64,960.1,950.76
6/20/17,950.63,1125520,957.52,961.62,950.01
6/19/17,957.37,1520715,949.96,959.99,949.05
6/16/17,939.78,3061794,940,942.04,931.595
6/15/17,942.31,2065271,933.97,943.339,924.44
6/14/17,950.76,1487378,959.92,961.15,942.25
6/13/17,953.4,2012980,951.91,959.98,944.09
6/12/17,942.9,3762434,939.56,949.355,915.2328
6/9/17,949.83,3305545,984.5,984.5,935.63
6/8/17,983.41,1477151,982.35,984.57,977.2
6/7/17,981.08,1447172,979.65,984.15,975.77
6/6/17,976.57,1814323,983.16,988.25,975.14
6/5/17,983.68,1251903,976.55,986.91,975.1
6/2/17,975.6,1750723,969.46,975.88,966
6/1/17,966.95,1408958,968.95,971.5,960.01
5/31/17,964.86,2447176,975.02,979.27,960.18
5/30/17,975.88,1466288,970.31,976.2,969.49
5/26/17,971.47,1251425,969.7,974.98,965.03
5/25/17,969.54,1659422,957.33,972.629,955.47
5/24/17,954.96,1031408,952.98,955.09,949.5
5/23/17,948.82,1269438,947.92,951.4666,942.575
5/22/17,941.86,1118456,935,941.8828,935
5/19/17,934.01,1389848,931.47,937.755,931
5/18/17,930.24,1596058,921,933.17,918.75
5/17/17,919.62,2357922,935.67,939.3325,918.14
5/16/17,943,968288,940,943.11,937.58
5/15/17,937.08,1104595,932.95,938.25,929.34
5/12/17,932.22,1050377,931.53,933.44,927.85
5/11/17,930.6,834997,925.32,932.53,923.0301
5/10/17,928.78,1173887,931.98,932,925.16
5/9/17,932.17,1581236,936.95,937.5,929.53
5/8/17,934.3,1328885,926.12,936.925,925.26
5/5/17,927.13,1910317,933.54,934.9,925.2
5/4/17,931.66,1421938,926.07,935.93,924.59
5/3/17,927.04,1497565,914.86,928.1,912.5426
5/2/17,916.44,1543696,909.62,920.77,909.4526
5/1/17,912.57,2114629,901.94,915.68,901.45
4/28/17,905.96,3223850,910.66,916.85,905.77
4/27/17,874.25,2009509,873.6,875.4,870.38
4/26/17,871.73,1233724,874.23,876.05,867.7481
4/25/17,872.3,1670095,865,875,862.81
4/24/17,862.76,1371722,851.2,863.45,849.86
4/21/17,843.19,1323364,842.88,843.88,840.6
4/20/17,841.65,957994,841.44,845.2,839.32
4/19/17,838.21,954324,839.79,842.22,836.29
4/18/17,836.82,835433,834.22,838.93,832.71
4/17/17,837.17,894540,825.01,837.75,824.47
4/13/17,823.56,1118221,822.14,826.38,821.44
4/12/17,824.32,900059,821.93,826.66,821.02
4/11/17,823.35,1078951,824.71,827.4267,817.0201
4/10/17,824.73,978825,825.39,829.35,823.77
4/7/17,824.67,1056692,827.96,828.485,820.5127
4/6/17,827.88,1254235,832.4,836.39,826.46
4/5/17,831.41,1553163,835.51,842.45,830.72
4/4/17,834.57,1044455,831.36,835.18,829.0363
4/3/17,838.55,1670349,829.22,840.85,829.22
3/31/17,829.56,1401756,828.97,831.64,827.39
3/30/17,831.5,1055263,833.5,833.68,829
3/29/17,831.41,1785006,825,832.765,822.3801
3/28/17,820.92,1620532,820.41,825.99,814.027
3/27/17,819.51,1894735,806.95,821.63,803.37
3/24/17,814.43,1980415,820.08,821.93,808.89
3/23/17,817.58,3485390,821,822.57,812.257
3/22/17,829.59,1399409,831.91,835.55,827.1801
3/21/17,830.46,2461375,851.4,853.5,829.02
3/20/17,848.4,1217560,850.01,850.22,845.15
3/17/17,852.12,1712397,851.61,853.4,847.11
3/16/17,848.78,977384,849.03,850.85,846.13
3/15/17,847.2,1381328,847.59,848.63,840.77
3/14/17,845.62,779920,843.64,847.24,840.8
3/13/17,845.54,1149928,844,848.685,843.25
3/10/17,843.25,1702731,843.28,844.91,839.5
3/9/17,838.68,1261393,836,842,834.21
3/8/17,835.37,988900,833.51,838.15,831.79
3/7/17,831.91,1037573,827.4,833.41,826.52
3/6/17,827.78,1108799,826.95,828.88,822.4
3/3/17,829.08,890640,830.56,831.36,825.751
3/2/17,830.63,937824,833.85,834.51,829.64
3/1/17,835.24,1495934,828.85,836.255,827.26
2/28/17,823.21,2258695,825.61,828.54,820.2
2/27/17,829.28,1101120,824.55,830.5,824
2/24/17,828.64,1392039,827.73,829,824.2
2/23/17,831.33,1471342,830.12,832.46,822.88
2/22/17,830.76,983058,828.66,833.25,828.64
2/21/17,831.66,1259841,828.66,833.45,828.35
2/17/17,828.07,1602549,823.02,828.07,821.655
2/16/17,824.16,1285919,819.93,824.4,818.98
2/15/17,818.98,1311316,819.36,823,818.47
2/14/17,820.45,1054472,819,823,816
2/13/17,819.24,1205835,816,820.959,815.49
2/10/17,813.67,1134701,811.7,815.25,809.78
2/9/17,809.56,990260,809.51,810.66,804.54
2/8/17,808.38,1155892,807,811.84,803.1903
2/7/17,806.97,1240257,803.99,810.5,801.78
2/6/17,801.34,1182882,799.7,801.67,795.2501
2/3/17,801.49,1461217,802.99,806,800.37
2/2/17,798.53,1530827,793.8,802.7,792
2/1/17,795.695,2027708,799.68,801.19,791.19
1/31/17,796.79,2153957,796.86,801.25,790.52
1/30/17,802.32,3243568,814.66,815.84,799.8
1/27/17,823.31,2964989,834.71,841.95,820.44
1/26/17,832.15,2944642,837.81,838,827.01
1/25/17,835.67,1612854,829.62,835.77,825.06
1/24/17,823.87,1472228,822.3,825.9,817.821
1/23/17,819.31,1962506,807.25,820.87,803.74
1/20/17,805.02,1668638,806.91,806.91,801.69
1/19/17,802.175,917085,805.12,809.48,801.8
1/18/17,806.07,1293893,805.81,806.205,800.99
1/17/17,804.61,1361935,807.08,807.14,800.37
1/13/17,807.88,1098154,807.48,811.2244,806.69
1/12/17,806.36,1352872,807.14,807.39,799.17
1/11/17,807.91,1065360,805,808.15,801.37
1/10/17,804.79,1176637,807.86,809.1299,803.51
1/9/17,806.65,1274318,806.4,809.9664,802.83
1/6/17,806.15,1639246,795.26,807.9,792.2041
1/5/17,794.02,1334028,786.08,794.48,785.02
1/4/17,786.9,1071198,788.36,791.34,783.16
1/3/17,786.14,1657291,778.81,789.63,775.8
12/30/16,771.82,1769809,782.75,782.78,770.41
12/29/16,782.79,743808,783.33,785.93,778.92
12/28/16,785.05,1142148,793.7,794.23,783.2
12/27/16,791.55,789151,790.68,797.86,787.657
12/23/16,789.91,623682,790.9,792.74,787.28
12/22/16,791.26,972147,792.36,793.32,788.58
12/21/16,794.56,1208770,795.84,796.6757,787.1
12/20/16,796.42,950345,796.76,798.65,793.27
12/19/16,794.2,1231966,790.22,797.66,786.27
12/16/16,790.8,2435100,800.4,800.8558,790.29
12/15/16,797.85,1623709,797.34,803,792.92
12/14/16,797.07,1700875,797.4,804,794.01
12/13/16,796.1,2122735,793.9,804.3799,793.34
12/12/16,789.27,2102288,785.04,791.25,784.3554
12/9/16,789.29,1821146,780,789.43,779.021
12/8/16,776.42,1487517,772.48,778.18,767.23
12/7/16,771.19,1757710,761,771.36,755.8
12/6/16,759.11,1690365,764.73,768.83,757.34
12/5/16,762.52,1393566,757.71,763.9,752.9
12/2/16,750.5,1452181,744.59,754,743.1
12/1/16,747.92,3017001,757.44,759.85,737.0245
11/30/16,758.04,2386628,770.07,772.99,754.83
11/29/16,770.84,1616427,771.53,778.5,768.24
11/28/16,768.24,2177039,760,779.53,759.8
11/25/16,761.68,587421,764.26,765,760.52
11/23/16,760.99,1477501,767.73,768.2825,755.25
11/22/16,768.27,1592372,772.63,776.96,767
11/21/16,769.2,1324431,762.61,769.7,760.6
11/18/16,760.54,1528555,771.37,775,760
11/17/16,771.23,1298484,766.92,772.7,764.23
11/16/16,764.48,1468196,755.2,766.36,750.51
11/15/16,758.49,2375056,746.97,764.4162,746.97
11/14/16,736.08,3644965,755.6,757.85,727.54
11/11/16,754.02,2421889,756.54,760.78,750.38
11/10/16,762.56,4733916,791.17,791.17,752.18
11/9/16,785.31,2603860,779.94,791.2265,771.67
11/8/16,790.51,1361472,783.4,795.633,780.19
11/7/16,782.52,1574426,774.5,785.19,772.55
11/4/16,762.02,2131948,750.66,770.36,750.5611
11/3/16,762.13,1933937,767.25,769.95,759.03
11/2/16,768.7,1905814,778.2,781.65,763.4496
11/1/16,783.61,2404898,782.89,789.49,775.54
10/31/16,784.54,2420892,795.47,796.86,784
10/28/16,795.37,4261912,808.35,815.49,793.59
10/27/16,795.35,2723097,801,803.49,791.5
10/26/16,799.07,1645403,806.34,806.98,796.32
10/25/16,807.67,1575020,816.68,816.68,805.14
10/24/16,813.11,1693162,804.9,815.18,804.82
10/21/16,799.37,1262042,795,799.5,794
10/20/16,796.97,1755546,803.3,803.97,796.03
10/19/16,801.56,1762990,798.86,804.63,797.635
10/18/16,795.26,2046338,787.85,801.61,785.565
10/17/16,779.96,1091524,779.8,785.85,777.5
10/14/16,778.53,851512,781.65,783.95,776
10/13/16,778.19,1360619,781.22,781.22,773
10/12/16,786.14,935138,783.76,788.13,782.06
10/11/16,783.07,1371461,786.66,792.28,780.58
10/10/16,785.94,1161410,777.71,789.38,775.87
10/7/16,775.08,932444,779.66,779.66,770.75
10/6/16,776.86,1066910,779,780.48,775.54
10/5/16,776.47,1457661,779.31,782.07,775.65
10/4/16,776.43,1198361,776.03,778.71,772.89
10/3/16,772.56,1276614,774.25,776.065,769.5
9/30/16,777.29,1583293,776.33,780.94,774.09
9/29/16,775.01,1310252,781.44,785.8,774.232
9/28/16,781.56,1108249,777.85,781.81,774.97
9/27/16,783.01,1152760,775.5,785.9899,774.308
9/26/16,774.21,1531788,782.74,782.74,773.07
9/23/16,786.9,1411439,786.59,788.93,784.15
9/22/16,787.21,1483899,780,789.85,778.44
9/21/16,776.22,1166290,772.66,777.16,768.301
9/20/16,771.41,975434,769,773.33,768.53
9/19/16,765.7,1171969,772.42,774,764.4406
9/16/16,768.88,2047036,769.75,769.75,764.66
9/15/16,771.76,1344945,762.89,773.8,759.96
9/14/16,762.49,1093723,759.61,767.68,759.11
9/13/16,759.69,1394158,764.48,766.2195,755.8
9/12/16,769.02,1310493,755.13,770.29,754.0001
9/9/16,759.66,1879903,770.1,773.245,759.66
9/8/16,775.32,1268663,778.59,780.35,773.58
9/7/16,780.35,893874,780,782.73,776.2
9/6/16,780.08,1441864,773.45,782,771
9/2/16,771.46,1070725,773.01,773.9199,768.41
9/1/16,768.78,925019,769.25,771.02,764.3
8/31/16,767.05,1247937,767.01,769.09,765.38
8/30/16,769.09,1129932,769.33,774.466,766.84
8/29/16,772.15,847537,768.74,774.99,766.615
8/26/16,769.54,1164713,769,776.0799,765.85
8/25/16,769.41,926856,767,771.89,763.1846
8/24/16,769.64,1071569,770.58,774.5,767.07
8/23/16,772.08,925356,775.48,776.44,771.785
8/22/16,772.15,950417,773.27,774.54,770.0502
8/19/16,775.42,860899,775,777.1,773.13
8/18/16,777.5,718882,780.01,782.86,777
8/17/16,779.91,921666,777.32,780.81,773.53
8/16/16,777.14,1027836,780.3,780.98,773.444
8/15/16,782.44,938183,783.75,787.49,780.11
8/12/16,783.22,739761,781.5,783.395,780.4
8/11/16,784.85,971742,785,789.75,782.97
8/10/16,784.68,784559,783.75,786.8123,782.778
8/9/16,784.26,1318457,781.1,788.94,780.57
8/8/16,781.76,1106693,782,782.63,778.091
8/5/16,782.22,1799478,773.78,783.04,772.34
8/4/16,771.61,1139972,772.22,774.07,768.795
8/3/16,773.18,1283186,767.18,773.21,766.82
8/2/16,771.07,1782822,768.69,775.84,767.85
8/1/16,772.88,2697699,761.09,780.43,761.09
7/29/16,768.79,3830103,772.71,778.55,766.77
7/28/16,745.91,3473040,747.04,748.65,739.3
7/27/16,741.77,1509133,738.28,744.46,737
7/26/16,738.42,1182993,739.04,741.69,734.27
7/25/16,739.77,1031643,740.67,742.61,737.5
7/22/16,742.74,1256741,741.86,743.24,736.56
7/21/16,738.63,1022229,740.36,741.69,735.831
7/20/16,741.19,1283931,737.33,742.13,737.1
7/19/16,736.96,1225467,729.89,736.99,729
7/18/16,733.78,1284740,722.71,736.13,721.19
7/15/16,719.85,1277514,725.73,725.74,719.055
7/14/16,720.95,949456,721.58,722.21,718.03
7/13/16,716.98,933352,723.62,724,716.85
7/12/16,720.64,1336112,719.12,722.94,715.91
7/11/16,715.09,1107039,708.05,716.51,707.24
7/8/16,705.63,1573909,699.5,705.71,696.435
7/7/16,695.36,1303661,698.08,698.2,688.215
7/6/16,697.77,1411080,689.98,701.68,689.09
7/5/16,694.49,1462879,696.06,696.94,688.88
7/1/16,699.21,1344387,692.2,700.65,692.1301
6/30/16,692.1,1597298,685.47,692.32,683.65
6/29/16,684.11,1931436,683,687.4292,681.41
6/28/16,680.04,2169704,678.97,680.33,673
6/27/16,668.26,2632011,671,672.3,663.284
6/24/16,675.22,4442943,675.17,689.4,673.45
6/23/16,701.87,2166183,697.45,701.95,687
6/22/16,697.46,1182161,699.06,700.86,693.0819
6/21/16,695.94,1464836,698.4,702.77,692.01
6/20/16,693.71,2080645,698.77,702.48,693.41
6/17/16,691.72,3397720,708.65,708.82,688.4515
6/16/16,710.36,1981657,714.91,716.65,703.26
6/15/16,718.92,1213386,719,722.98,717.31
6/14/16,718.27,1303808,716.48,722.47,713.12
6/13/16,718.36,1255199,716.51,725.44,716.51
6/10/16,719.41,1213989,719.47,725.89,716.43
6/9/16,728.58,987635,722.87,729.54,722.3361
6/8/16,728.28,1583325,723.96,728.57,720.58
6/7/16,716.65,1336348,719.84,721.98,716.55
6/6/16,716.55,1565955,724.91,724.91,714.61
6/3/16,722.34,1225924,729.27,729.49,720.56
6/2/16,730.4,1340664,732.5,733.02,724.17
6/1/16,734.15,1251468,734.53,737.21,730.66
5/31/16,735.72,2128358,731.74,739.73,731.26
5/27/16,732.66,1974425,724.01,733.936,724
5/26/16,724.12,1573635,722.87,728.33,720.28
5/25/16,725.27,1629790,720.76,727.51,719.7047
5/24/16,720.09,1926828,706.86,720.97,706.86
5/23/16,704.24,1326386,706.53,711.4781,704.18
5/20/16,709.74,1825830,701.62,714.58,700.52
5/19/16,700.32,1668887,702.36,706,696.8
5/18/16,706.63,1765632,703.67,711.6,700.63
5/17/16,706.23,1999883,715.99,721.52,704.11
5/16/16,716.49,1316719,709.13,718.48,705.65
5/13/16,710.83,1307559,711.93,716.6619,709.26
5/12/16,713.31,1361170,717.06,719.25,709
5/11/16,715.29,1690862,723.41,724.48,712.8
5/10/16,723.18,1568621,716.75,723.5,715.72
5/9/16,712.9,1509892,712,718.71,710
5/6/16,711.12,1828508,698.38,711.86,698.1067
5/5/16,701.43,1680220,697.7,702.3199,695.72
5/4/16,695.7,1692757,690.49,699.75,689.01
5/3/16,692.36,1541297,696.87,697.84,692
5/2/16,698.21,1645013,697.63,700.64,691
4/29/16,693.01,2486584,690.7,697.62,689
4/28/16,691.02,2859790,708.26,714.17,689.55
4/27/16,705.84,3094905,707.29,708.98,692.3651
4/26/16,708.14,2739133,725.42,725.766,703.0264
4/25/16,723.15,1956956,716.1,723.93,715.59
4/22/16,718.77,5949699,726.3,736.12,713.61
4/21/16,759.14,2995094,755.38,760.45,749.55
4/20/16,752.67,1526776,758,758.1315,750.01
4/19/16,753.93,2027962,769.51,769.9,749.33
4/18/16,766.61,1557199,760.46,768.05,757.3
4/15/16,759,1807062,753.98,761,752.6938
4/14/16,753.2,1134056,754.01,757.31,752.705
4/13/16,751.72,1707397,749.16,754.38,744.261
4/12/16,743.09,1349780,738,743.83,731.01
4/11/16,736.1,1218789,743.02,745,736.05
4/8/16,739.15,1289869,743.97,745.45,735.55
4/7/16,740.28,1452369,745.37,746.9999,736.28
4/6/16,745.69,1052171,735.77,746.24,735.56
4/5/16,737.8,1130817,738,742.8,735.37
4/4/16,745.29,1134214,750.06,752.8,742.43
4/1/16,749.91,1576240,738.6,750.34,737
3/31/16,744.95,1718638,749.25,750.85,740.94
3/30/16,750.53,1782278,750.1,757.88,748.74
3/29/16,744.77,1902254,734.59,747.25,728.76
3/28/16,733.53,1300817,736.79,738.99,732.5
3/24/16,735.3,1570474,732.01,737.747,731
3/23/16,738.06,1431130,742.36,745.7199,736.15
3/22/16,740.75,1269263,737.46,745,737.46
3/21/16,742.09,1835963,736.5,742.5,733.5157
3/18/16,737.6,2982194,741.86,742,731.83
3/17/16,737.78,1859562,736.45,743.07,736
3/16/16,736.09,1621412,726.37,737.47,724.51
3/15/16,728.33,1720790,726.92,732.29,724.77
3/14/16,730.49,1717002,726.81,735.5,725.15
3/11/16,726.82,1968164,720,726.92,717.125
3/10/16,712.82,2830630,708.12,716.44,703.36
3/9/16,705.24,1419661,698.47,705.68,694
3/8/16,693.97,2075305,688.59,703.79,685.34
3/7/16,695.16,2986064,706.9,708.0912,686.9
3/4/16,710.89,1971379,714.99,716.49,706.02
3/3/16,712.42,1956958,718.68,719.45,706.02
3/2/16,718.85,1629501,719,720,712
3/1/16,718.81,2148608,703.62,718.81,699.77
2/29/16,697.77,2478214,700.32,710.89,697.68
2/26/16,705.07,2241785,708.58,713.43,700.86
2/25/16,705.75,1640430,700.01,705.98,690.585
2/24/16,699.56,1961258,688.92,700,680.78
2/23/16,695.85,2006572,701.45,708.4,693.58
2/22/16,706.46,1949046,707.45,713.24,702.51
2/19/16,700.91,1585152,695.03,703.0805,694.05
2/18/16,697.35,1880306,710,712.35,696.03
2/17/16,708.4,2490021,699,709.75,691.38
2/16/16,691,2517324,692.98,698,685.05
2/12/16,682.4,2138937,690.26,693.75,678.6
2/11/16,683.11,3021587,675,689.35,668.8675
2/10/16,684.12,2629130,686.86,701.31,682.13
2/9/16,678.11,3605792,672.32,699.9,668.77
2/8/16,682.74,4241416,667.85,684.03,663.06
2/5/16,683.57,5098357,703.87,703.99,680.15
2/4/16,708.01,5157988,722.81,727,701.86
2/3/16,726.95,6166731,770.22,774.5,720.5
2/2/16,764.65,6340548,784.5,789.8699,764.65
2/1/16,752,5065235,750.46,757.86,743.27
1/29/16,742.95,3464432,731.53,744.9899,726.8
1/28/16,730.96,2664956,722.22,733.69,712.35
1/27/16,699.99,2175913,713.67,718.235,694.39
1/26/16,713.04,1329141,713.85,718.28,706.48
1/25/16,711.67,1709777,723.58,729.68,710.01
1/22/16,725.25,2009951,723.6,728.13,720.121
1/21/16,706.59,2411079,702.18,719.19,694.46
1/20/16,698.45,3441642,688.61,706.85,673.26
1/19/16,701.79,2264747,703.3,709.98,693.4101
1/15/16,694.45,3604137,692.29,706.74,685.37
1/14/16,714.72,2225495,705.38,721.925,689.1
1/13/16,700.56,2497086,730.85,734.74,698.61
1/12/16,726.07,2010026,721.68,728.75,717.3165
1/11/16,716.03,2089495,716.61,718.855,703.54
1/8/16,714.47,2449420,731.45,733.23,713
1/7/16,726.39,2960578,730.31,738.5,719.06
1/6/16,743.62,1943685,730,747.18,728.92
1/5/16,742.58,1949386,746.45,752,738.64
1/4/16,741.84,3271348,743,744.06,731.2577
12/31/15,758.88,1500129,769.5,769.5,758.34
12/30/15,771,1293514,776.6,777.6,766.9
12/29/15,776.6,1764044,766.69,779.98,766.43
12/28/15,762.51,1515574,752.92,762.99,749.52
12/24/15,748.4,527223,749.55,751.35,746.62
12/23/15,750.31,1566723,753.47,754.21,744
12/22/15,750,1365420,751.65,754.85,745.53
12/21/15,747.77,1524535,746.13,750,740
12/18/15,739.31,3140906,746.51,754.13,738.15
12/17/15,749.43,1551087,762.42,762.68,749
12/16/15,758.09,1986319,750,760.59,739.435
12/15/15,743.4,2661199,753,758.08,743.01
12/14/15,747.77,2417778,741.79,748.73,724.17
12/11/15,738.87,2223284,741.16,745.71,736.75
12/10/15,749.46,1988035,752.85,755.85,743.83
12/9/15,751.61,2697978,759.17,764.23,737.001
12/8/15,762.37,1829004,757.89,764.8,754.2
12/7/15,763.25,1811336,767.77,768.73,755.09
12/4/15,766.81,2756194,753.1,768.49,750
12/3/15,752.54,2589641,766.01,768.995,745.63
12/2/15,762.38,2196721,768.9,775.955,758.96
12/1/15,767.04,2131827,747.11,768.95,746.7
11/30/15,742.6,2045584,748.81,754.93,741.27
11/27/15,750.26,838528,748.46,753.41,747.49
11/25/15,748.15,1122224,748.14,752,746.06
11/24/15,748.28,2333700,752,755.279,737.63
11/23/15,755.98,1414640,757.45,762.7075,751.82
11/20/15,756.6,2212934,746.53,757.92,743
11/19/15,738.41,1327265,738.74,742,737.43
11/18/15,740,1683978,727.58,741.41,727
11/17/15,725.3,1507449,729.29,731.845,723.027
11/16/15,728.96,1904395,715.6,729.49,711.33
11/13/15,717,2072392,729.17,731.15,716.73
11/12/15,731.23,1836567,731,737.8,728.645
11/11/15,735.4,1366611,732.46,741,730.23
11/10/15,728.32,1606499,724.4,730.59,718.5001
11/9/15,724.89,2068920,730.2,734.71,719.43
11/6/15,733.76,1510586,731.5,735.41,727.01
11/5/15,731.25,1861100,729.47,739.48,729.47
11/4/15,728.11,1705745,722,733.1,721.9
11/3/15,722.16,1565355,718.86,724.65,714.72
11/2/15,721.11,1885155,711.06,721.62,705.85
10/30/15,710.81,1907732,715.73,718,710.05
10/29/15,716.92,1455508,710.5,718.26,710.01
10/28/15,712.95,2178841,707.33,712.98,703.08
10/27/15,708.49,2232183,707.38,713.62,704.55
10/26/15,712.78,2709292,701.55,719.15,701.26
10/23/15,702,6651909,727.5,730,701.5
10/22/15,651.79,3994360,646.7,657.8,644.01
10/21/15,642.61,1792869,654.15,655.87,641.73
10/20/15,650.28,2498077,664.04,664.7197,644.195
10/19/15,666.1,1465691,661.18,666.82,659.58
10/16/15,662.2,1610712,664.11,664.97,657.2
10/15/15,661.74,1832832,654.66,663.13,654.46
10/14/15,651.16,1413798,653.21,659.39,648.85
10/13/15,652.3,1806003,643.15,657.8125,643.15
10/12/15,646.67,1275565,642.09,648.5,639.01
10/9/15,643.61,1648656,640,645.99,635.318
10/8/15,639.16,2181990,641.36,644.45,625.56
10/7/15,642.36,2092536,649.24,650.609,632.15
10/6/15,645.44,2235078,638.84,649.25,636.5295
10/5/15,641.47,1802263,632,643.01,627
10/2/15,626.91,2681241,607.2,627.34,603.13
10/1/15,611.29,1866223,608.37,612.09,599.85
9/30/15,608.42,2412754,603.28,608.76,600.73
9/29/15,594.97,2310065,597.28,605,590.22
9/28/15,594.89,3118693,610.34,614.605,589.38
9/25/15,611.97,2173134,629.77,629.77,611
9/24/15,625.8,2238097,616.64,627.32,612.4
9/23/15,622.36,1470633,622.05,628.93,620
9/22/15,622.69,2561551,627,627.55,615.43
9/21/15,635.44,1786543,634.4,636.49,625.94
9/18/15,629.25,5123314,636.79,640,627.02
9/17/15,642.9,2259404,637.79,650.9,635.02
9/16/15,635.98,1276250,635.47,637.95,632.32
9/15/15,635.14,2082426,626.7,638.7,623.78
9/14/15,623.24,1701618,625.7,625.86,619.43
9/11/15,625.77,1372803,619.75,625.78,617.42
9/10/15,621.35,1903334,613.1,624.16,611.43
9/9/15,612.72,1699686,621.22,626.52,609.6
9/8/15,614.66,2277487,612.49,616.31,604.12
9/4/15,600.7,2087028,600,603.47,595.25
9/3/15,606.25,1757851,617,619.71,602.8213
9/2/15,614.34,2573982,605.59,614.34,599.71
9/1/15,597.79,3699844,602.36,612.86,594.1
8/31/15,618.25,2172168,627.54,635.8,617.68
8/28/15,630.38,1975818,632.82,636.88,624.56
8/27/15,637.61,3485906,639.4,643.59,622
8/26/15,628.62,4187276,610.35,631.71,599.05
8/25/15,582.06,3521916,614.91,617.45,581.11
8/24/15,589.61,5727282,573,614,565.05
8/21/15,612.48,4261666,639.78,640.05,612.33
8/20/15,646.83,2854028,655.46,662.99,642.9
8/19/15,660.9,2132265,656.6,667,654.19
8/18/15,656.13,1455664,661.9,664,653.46
8/17/15,660.87,1050553,656.8,661.38,651.24
8/14/15,657.12,1071333,655.01,659.855,652.66
8/13/15,656.45,1807182,659.323,664.5,651.661
8/12/15,659.56,2938651,663.08,665,652.29
8/11/15,660.78,5016425,669.2,674.9,654.27
8/10/15,633.73,1653836,639.48,643.44,631.249
8/7/15,635.3,1403441,640.23,642.68,629.71
8/6/15,642.68,1572150,645,645.379,632.25
8/5/15,643.78,2331720,634.33,647.86,633.16
8/4/15,629.25,1486858,628.42,634.81,627.16
8/3/15,631.21,1301439,625.34,633.0556,625.34
7/31/15,625.61,1705286,631.38,632.91,625.5
7/30/15,632.59,1472286,630,635.22,622.05
7/29/15,631.93,1573146,628.8,633.36,622.65
7/28/15,628,1713684,632.83,632.83,623.31
7/27/15,627.26,2673801,621,634.3,620.5
7/24/15,623.56,3622089,647,648.17,622.52
7/23/15,644.28,3014035,661.27,663.63,641
7/22/15,662.1,3707818,660.89,678.64,659
7/21/15,662.3,3363342,655.21,673,654.3
7/20/15,663.02,5857092,659.24,668.88,653.01
7/17/15,672.93,11153500,649,674.468,645
7/16/15,579.85,4559712,565.12,580.68,565
7/15/15,560.22,1782264,560.13,566.5029,556.79
7/14/15,561.1,3231284,546.76,565.8487,546.71
7/13/15,546.55,2204610,532.88,547.11,532.4001
7/10/15,530.13,1954951,526.29,532.56,525.55
7/9/15,520.68,1840155,523.12,523.77,520.35
7/8/15,516.83,1293372,521.05,522.734,516.11
7/7/15,525.02,1595672,523.13,526.18,515.18
7/6/15,522.86,1278587,519.5,525.25,519
7/2/15,523.4,1235773,521.08,524.65,521.08
7/1/15,521.84,1961197,524.73,525.69,518.2305
6/30/15,520.51,2234284,526.02,526.25,520.5
6/29/15,521.52,1935361,525.01,528.61,520.54
6/26/15,531.69,2108629,537.26,537.76,531.35
6/25/15,535.23,1332412,538.87,540.9,535.23
6/24/15,537.84,1286576,540,540,535.66
6/23/15,540.48,1196115,539.64,541.499,535.25
6/22/15,538.19,1243535,539.59,543.74,537.53
6/19/15,536.69,1890916,537.21,538.25,533.01
6/18/15,536.73,1832450,531,538.15,530.79
6/17/15,529.26,1269113,529.37,530.98,525.1
6/16/15,528.15,1071728,528.4,529.6399,525.56
6/15/15,527.2,1632675,528,528.3,524
6/12/15,532.33,955489,531.6,533.12,530.16
6/11/15,534.61,1208632,538.425,538.98,533.02
6/10/15,536.69,1813775,529.36,538.36,529.35
6/9/15,526.69,1454172,527.56,529.2,523.01
6/8/15,526.83,1523960,533.31,534.12,526.24
6/5/15,533.33,1375008,536.35,537.2,532.52
6/4/15,536.7,1346044,537.76,540.59,534.32
6/3/15,540.31,1716836,539.91,543.5,537.11
6/2/15,539.18,1936721,532.93,543,531.33
6/1/15,533.99,1900257,536.79,536.79,529.76
5/29/15,532.11,2590445,537.37,538.63,531.45
5/28/15,539.78,1029764,538.01,540.61,536.25
5/27/15,539.79,1524783,532.8,540.55,531.71
5/26/15,532.32,2404462,538.12,539,529.88
5/22/15,540.11,1175065,540.15,544.19,539.51
5/21/15,542.51,1461431,537.95,543.8399,535.98
5/20/15,539.27,1430565,538.49,542.92,532.972
5/19/15,537.36,1964037,533.98,540.66,533.04
5/18/15,532.3,2001117,532.01,534.82,528.85
5/15/15,533.85,1965088,539.18,539.2743,530.38
5/14/15,538.4,1401005,533.77,539,532.41
5/13/15,529.62,1253005,530.56,534.3215,528.655
5/12/15,529.04,1633180,531.6,533.2089,525.26
5/11/15,535.7,904465,538.37,541.98,535.4
5/8/15,538.22,1527181,536.65,541.15,536
5/7/15,530.7,1543986,523.99,533.46,521.75
5/6/15,524.22,1566865,531.24,532.38,521.085
5/5/15,530.8,1380519,538.21,539.74,530.3906
5/4/15,540.78,1303830,538.53,544.07,535.06
5/1/15,537.9,1758085,538.43,539.54,532.1
4/30/15,537.34,2080834,547.87,548.59,535.05
4/29/15,549.08,1696886,550.47,553.68,546.905
4/28/15,553.68,1490735,554.64,556.02,550.366
4/27/15,555.37,2390696,563.39,565.95,553.2001
4/24/15,565.06,4916008,566.1,571.14,557.25
4/23/15,547,4129218,541,550.96,540.23
4/22/15,539.365,1582956,534.4,541.08,531.75
4/21/15,533.97,1838719,537.51,539.39,533.675
4/20/15,535.38,1674958,525.6,536.09,524.5
4/17/15,524.05,2143872,528.66,529.84,521.01
4/16/15,533.8,1293690,529.9,535.59,529.61
4/15/15,532.53,2305585,528.7,534.73,523.22
4/14/15,530.39,2590747,536.25,537.5699,528.0925
4/13/15,539.17,1640741,538.41,544.06,537.31
4/10/15,540.01,1405136,542.29,542.29,537.31
4/9/15,540.78,1551831,541.03,541.95,535.49
4/8/15,541.61,1171860,538.38,543.85,538.38
4/7/15,537.02,1299253,538.08,542.69,536
4/6/15,536.765,1317628,532.22,538.41,529.57
4/2/15,535.53,1709833,540.85,540.85,533.8467
4/1/15,542.56,1951319,548.6,551.14,539.5
3/31/15,548,1583330,550,554.71,546.72
3/30/15,552.03,1283210,551.62,553.47,548.17
3/27/15,548.34,1890816,553,555.28,548.13
3/26/15,555.17,1565551,557.59,558.9,550.65
3/25/15,558.785,2144268,570.5,572.26,558.74
3/24/15,570.19,2573339,562.56,574.59,561.21
3/23/15,558.81,1639186,560.43,562.36,555.83
3/20/15,560.36,2607253,561.65,561.72,559.05
3/19/15,557.99,1192429,559.39,560.8,556.145
3/18/15,559.5,2125596,552.5,559.78,547.0001
3/17/15,550.84,1800550,551.71,553.8,548
3/16/15,554.51,1636083,550.95,556.85,546
3/13/15,547.32,1697602,553.5,558.4,544.22
3/12/15,555.51,1385657,553.51,556.37,550.46
3/11/15,551.18,1815503,555.14,558.14,550.68
3/10/15,555.01,1785438,564.25,564.85,554.73
3/9/15,568.85,1059336,566.86,570.27,563.535
3/6/15,567.685,1647702,574.88,576.6799,566.76
3/5/15,575.33,1385303,575.02,577.91,573.41
3/4/15,573.37,1869830,571.87,577.11,568.01
3/3/15,573.64,1696631,570.45,575.39,566.52
3/2/15,571.34,2121542,560.53,572.15,558.75
2/27/15,558.4,2402191,554.24,564.71,552.9
2/26/15,555.48,2303785,543.21,556.14,541.5
2/25/15,543.87,1820199,535.9,546.22,535.445
2/24/15,536.09,1002313,530,536.79,528.25
2/23/15,531.91,1453049,536.05,536.439,529.41
2/20/15,538.95,1441147,543.13,543.75,535.8
2/19/15,542.87,986623,538.04,543.11,538.01
2/18/15,539.7,1448453,541.4,545.49,537.51
2/17/15,542.84,1609871,546.83,550,541.09
2/13/15,549.01,1876720,543.35,549.91,543.13
2/12/15,542.93,1612310,537.25,544.82,534.673
2/11/15,535.97,1372342,535.3,538.45,533.3775
2/10/15,536.94,1744529,529.3,537.7,526.92
2/9/15,527.83,1263243,528,532,526.02
2/6/15,531,1758422,527.64,537.2,526.41
2/5/15,527.58,1843714,523.79,528.5,522.09
2/4/15,522.76,1657900,529.24,532.6715,521.27
2/3/15,529.24,2032952,528,533.4,523.26
2/2/15,528.48,2836638,531.73,533,518.55
1/30/15,534.52,5588904,515.86,539.87,515.52
1/29/15,510.66,4105168,511,511.09,501.2
1/28/15,510,1677083,522.78,522.99,510
1/27/15,518.63,1897347,529.97,530.7,518.19
1/26/15,535.21,1538786,538.53,539,529.67
1/23/15,539.95,2272098,535.59,542.17,533
1/22/15,534.39,2662154,521.48,536.33,519.7
1/21/15,518.04,2259477,507.25,519.28,506.2
1/20/15,506.9,2222805,511,512.5,506.016
1/16/15,508.08,2291530,500.01,508.19,500
1/15/15,501.79,2710022,505.57,505.68,497.76
1/14/15,500.87,2210623,494.65,503.23,493
1/13/15,496.18,2365612,498.84,502.98,492.39
1/12/15,492.55,2317278,494.94,495.976,487.56
1/9/15,496.17,2063743,504.76,504.92,494.79
1/8/15,502.68,3341935,497.99,503.48,491
1/7/15,501.1,2053750,507,507.244,499.65
1/6/15,501.96,2884479,515,516.175,501.05
1/5/15,513.87,2049303,523.26,524.33,513.06
1/2/15,524.81,1444809,529.01,531.27,524.1
12/31/14,526.4,1367110,531.25,532.6,525.8
12/30/14,530.42,873644,528.09,531.15,527.13
12/29/14,530.33,2275392,532.19,535.48,530.011
12/26/14,534.03,1037486,528.77,534.25,527.31
12/24/14,528.77,704035,530.51,531.759,527.02
12/23/14,530.59,2190993,527,534.56,526.29
12/22/14,524.87,2722210,516.08,526.46,516.08
12/19/14,516.35,3611980,511.51,517.72,506.9106
12/18/14,511.1,2910920,512.95,513.87,504.7
12/17/14,504.89,2873600,497,507,496.81
12/16/14,495.39,3946450,511.56,513.05,489
12/15/14,513.8,2806300,522.74,523.1,513.27
12/12/14,518.66,1982666,523.51,528.5,518.66
12/11/14,528.34,1606381,527.8,533.92,527.1
12/10/14,526.06,1716284,533.08,536.33,525.56
12/9/14,533.37,1866851,522.14,534.19,520.5
12/8/14,526.98,2324883,527.13,531,523.79
12/5/14,525.26,2555642,531,532.89,524.28
12/4/14,537.31,1389395,531.16,537.34,528.59
12/3/14,531.32,1278091,531.44,535.996,529.26
12/2/14,533.75,1521775,533.51,535.5,529.8
12/1/14,533.8,2106865,538.9,541.41,531.86
11/28/14,541.83,1145231,540.62,542,536.6
11/26/14,540.37,1518835,540.88,541.55,537.042
11/25/14,541.08,1782596,539,543.98,538.602
11/24/14,539.27,1699629,537.65,542.7,535.62
11/21/14,537.5,2217252,541.61,542.14,536.56
11/20/14,534.83,1557095,531.25,535.11,531.08
11/19/14,536.99,1382955,535,538.24,530.08
11/18/14,535.03,1954931,537.5,541.94,534.17
11/17/14,536.51,1720123,543.58,543.79,534.061
11/14/14,544.4,1284981,546.68,546.68,542.15
11/13/14,545.38,1334367,549.8,549.8,543.48
11/12/14,547.31,1124171,550.39,550.46,545.17
11/11/14,550.29,961011,548.49,551.9399,546.3
11/10/14,547.49,1129377,541.46,549.59,541.02
11/7/14,541.01,1627870,546.21,546.21,538.67
11/6/14,542.04,1327323,545.5,546.885,540.97
11/5/14,545.92,2022352,556.8,556.8,544.05
11/4/14,554.11,1236913,553,555.5,549.3
11/3/14,555.22,1377090,555.5,557.9,553.23
10/31/14,559.08,2029446,559.35,559.57,554.75
10/30/14,550.31,1451532,548.95,552.8,543.51
10/29/14,549.33,1762805,550,554.19,546.98
10/28/14,548.9,1246198,543,548.98,541.62
10/27/14,540.77,1182069,537.03,544.41,537.03
10/24/14,539.78,1966151,544.36,544.88,535.79
10/23/14,543.98,2341998,539.32,547.22,535.85
10/22/14,532.71,2911235,529.89,539.8,528.8
10/21/14,526.54,2329510,525.19,526.79,519.11
10/20/14,520.84,2598754,509.45,521.76,508.1
10/17/14,511.17,5522919,527.25,530.98,508.53
10/16/14,524.51,3665434,519,529.43,515
10/15/14,530.03,3705634,531.01,532.8,518.3
10/14/14,537.94,2215425,538.9,547.19,533.1695
10/13/14,533.21,2565034,544.99,549.5,533.1
10/10/14,544.49,3073334,557.72,565.1299,544.05
10/9/14,560.88,2517847,571.18,571.49,559.06
10/8/14,572.5,1984777,565.57,573.88,557.49
10/7/14,563.74,1902424,574.4,575.27,563.74
10/6/14,577.35,1211113,578.8,581,574.44
10/3/14,575.28,1137616,573.05,577.225,572.5
10/2/14,570.08,1181177,567.31,571.91,563.32
10/1/14,568.27,1441527,576.01,577.5799,567.01
9/30/14,577.36,1617320,576.93,579.85,572.85
9/29/14,576.36,1278274,571.75,578.19,571.17
9/26/14,577.1,1439687,576.06,579.25,574.66
9/25/14,575.06,1918179,587.55,587.98,574.18
9/24/14,587.99,1723438,581.46,589.63,580.52
9/23/14,581.13,1464386,586.85,586.85,581
9/22/14,587.37,1684861,593.82,593.949,583.46
9/19/14,596.08,3724109,591.5,596.48,589.5
9/18/14,589.27,1438201,587,589.54,585
9/17/14,584.77,1687731,580.01,587.5199,578.775
9/16/14,579.95,1475668,572.76,581.5,572.66
9/15/14,573.1,1593030,572.94,574.95,568.21
9/12/14,575.62,1594177,581,581.64,574.46
9/11/14,581.35,1215910,580.36,581.81,576.26
9/10/14,583.1,972057,581.5,583.5,576.94
9/9/14,581.01,1283678,588.9,589,580
9/8/14,589.72,1426597,586.6,591.77,586.3
9/5/14,586.08,1626806,583.98,586.55,581.95
9/4/14,581.98,1454229,580,586,579.22
9/3/14,577.94,1211507,580,582.99,575
9/2/14,577.33,1574096,571.85,577.83,571.19
8/29/14,571.6,1076718,571.33,572.04,567.0692
8/28/14,569.2,1289128,569.56,573.25,567.1
8/27/14,571,1696418,577.27,578.49,570.103
8/26/14,577.86,1634286,581.26,581.8,576.58
8/25/14,580.2,1357175,584.72,585,579
8/22/14,582.56,786115,583.59,585.236,580.64
8/21/14,583.37,912165,583.82,584.5,581.14
8/20/14,584.49,1033657,585.88,586.7,582.57
8/19/14,586.86,975948,585,587.34,584
8/18/14,582.16,1280214,576.11,584.51,576
8/15/14,573.48,1514966,577.86,579.38,570.52
8/14/14,574.65,982814,576.18,577.9,570.88
8/13/14,574.78,1435281,567.31,575,565.75
8/12/14,562.73,1533541,564.52,565.9,560.88
8/11/14,567.88,1210852,569.99,570.49,566
8/8/14,568.77,1490706,563.56,570.25,560.35
8/7/14,563.36,1106395,568,569.89,561.1
8/6/14,566.374,1325466,561.78,570.7,560
8/5/14,565.07,1551233,570.05,571.98,562.61
8/4/14,573.15,1422379,569.04,575.35,564.1
8/1/14,566.07,1946815,570.4,575.9599,562.85
7/31/14,571.6,2089324,580.6,583.6499,570
7/30/14,587.42,1013596,586.55,589.5,584
7/29/14,585.61,1343951,588.75,589.7,583.515
7/28/14,590.6,980623,588.07,592.5,584.7533
7/25/14,589.02,929755,590.4,591.86,587.03
7/24/14,593.35,1032015,596.45,599.5,591.77
7/23/14,595.98,1229730,593.23,597.85,592.5
7/22/14,594.74,1691117,590.72,599.65,590.6
7/21/14,589.47,2056420,591.75,594.4,585.2326
7/18/14,595.08,4000578,593,596.8,582
7/17/14,573.7299,2977775,579.53,580.99,568.61
7/16/14,582.66,1393153,588,588.4,582.2
7/15/14,584.78,1618230,585.74,585.8045,576.56
7/14/14,584.87,1848917,582.6,585.21,578.03
7/11/14,579.18,1617309,571.91,580.85,571.42
7/10/14,571.1,1351100,565.91,576.59,565.01
7/9/14,576.08,1111847,571.58,576.72,569.376
7/8/14,571.09,1904121,577.66,579.5284,566.135
7/7/14,582.25,1059944,583.76,586.4299,579.59
7/3/14,584.73,712210,583.35,585.01,580.92
7/2/14,582.335,1053529,583.35,585.4399,580.39
7/1/14,582.67,1444029,578.32,584.4,576.65
6/30/14,575.28,1310062,578.66,579.57,574.75
6/27/14,577.24,2227207,577.18,579.87,573.8
6/26/14,576,1725575,581,582.45,571.85
6/25/14,578.65,1961435,565.26,579.96,565.22
6/24/14,564.62,2201002,565.19,572.646,561.01
6/23/14,564.95,1532354,555.15,565,554.25
6/20/14,556.36,4494200,556.85,557.58,550.3915
6/19/14,554.9,2450141,554.24,555,548.51
6/18/14,553.37,1734731,544.86,553.56,544
6/17/14,543.01,1440535,544.2,545.32,539.33
6/16/14,544.28,1697866,549.26,549.62,541.52
6/13/14,551.76,1217046,552.26,552.3,545.56
6/12/14,551.35,1454280,557.3,557.99,548.46
6/11/14,558.84,1096413,558,559.88,555.0201
6/10/14,560.55,1346018,560.51,563.6,557.9
6/9/14,562.12,1460832,557.15,562.9,556.04
6/6/14,556.33,1731983,558.06,558.06,548.93
6/5/14,553.9,1684263,546.4,554.95,544.45
6/4/14,544.66,1811517,541.5,548.61,538.75
6/3/14,544.94,1857079,550.99,552.34,542.55
6/2/14,553.93,1430933,560.7,560.9,545.73
5/30/14,559.89,1766237,560.8,561.35,555.91
5/29/14,560.08,1349166,563.35,564,558.71
5/28/14,561.68,1644973,564.57,567.84,561
5/27/14,565.95,2098281,556,566,554.35
5/23/14,552.7,1926883,547.26,553.64,543.7
5/22/14,545.06,1607695,541.13,547.5999,540.78
5/21/14,538.94,1187797,532.9,539.1828,531.91
5/20/14,529.77,1778646,529.74,536.23,526.3
5/19/14,528.86,1273994,519.7,529.78,517.583
5/16/14,520.63,1480946,521.39,521.8,515.44
5/15/14,519.98,1697113,525.7,525.87,517.42
5/14/14,526.65,1188265,533,533,525.29
5/13/14,533.09,1645775,530.89,536.07,529.51
5/12/14,529.92,1906208,523.51,530.19,519.01
5/9/14,518.73,2431747,510.75,519.9,504.2